Workbook

Sheet الموظفين
A1: بيانات الموظفين
A4: م | B4: اسم الموظف | C4: الوظيفة | D4: رقم التلفون
A5: 1 | B5: عبد الله الغذالي | C5: سوبر فايزر | D5: 1099724995
A6: 2 | B6: محمد احمد صلاح احمد | C6: بارستا | D6: 1098610851
A7: 3 | B7: يوسف محمد شحته | C7: كابتن | D7: 1022948840
A8: 4 | B8: محمود عثمان فؤاد | C8: كابتن | D8: 1094787318
A9: 5 | B9: عبد الله محمد عبد المنعم | C9: ويتر | D9: 1141286890
A10: 6 | B10: سيف فخري فوزي | C10: هاوس | D10: 1203252448
A11: 7 | B11: فارس هاني | C11: ويتر | D11: 1273884672
A12: 8 | B12: محمد صبري محمد | C12: ويتر | D12: 1556027058
A13: 9 | B13: عمار محمد صبحي عبد الفتاح | C13: كاشير | D13: 1148115761
A14: 10 | B14: رياض حامد رياض عطية | C14: ويتر | D14: 1228413897
A15: 11 | B15: سيف عصام طايل | C15: ويتر | D15: 1288766508
A16: 12 | B16: منة الله سيف محمد راغب | C16: كابتن | D16: 1206196377
... A19: 15 | B19: ادم ياسر محمد | C19: هيد بار | D19: 1221210579
A20: 16 | B20: محمود محمد صبحي | C20: هاوس
A21: 17 | B21: محمد رافت | C21: استيور
A22: 18 | B22: احمد هشهش | C22: كابتن | D22: 1028966193
A23: 19 | B23: محمد اشرف | C23: استيور
A24: 20 | B24: اسلام رمضان | C24: ويتر
A25: 21 | B25: فهمي جمال | C25: بيكب | D25: 1277585870
A26: 22 | B26: محمد عزت | C26: ويتر | D26: 1020633821
A27: 23 | B27: عبد الرحمن ايهاب
A28: 24 | B28: احمد الجهري
A29: 25 | B29: ح ممدوح

Sheet الإيرادات اليومية
A1: جدول الإيرادات اليومية
A3: التاريخ | B3: اليوم | C3: كاش | D3: فودافون كاش | E3: انستا باي | F3: صافي اليوم | G3: ملاحظات
A4: 46174 | B4: الاثنين
A5: 46175 | B5: الثلاثاء
A6: 46176 | B6: الأربعاء
A7: 46177 | B7: الخميس
A8: 46178 | B8: الجمعة
A9: 46179 | B9: السبت
A10: 46180 | B10: الأحد
A11: 46181 | B11: الاثنين
A12: 46182 | B12: الثلاثاء
A13: 46183 | B13: الأربعاء
A14: 46184 | B14: الخميس
A15: 46185 | B15: الجمعة
... A29: 46199 | B29: الجمعة
A30: 46200 | B30: السبت | C30: 9665 | D30: 325 | E30: 600 | F30: =9665+325+600 -> 10590
A31: 46201 | B31: الأحد | C31: =4640+8560 -> 13200 | E31: =170+40+30+200+350+200+180+345+90+45+390+120 -> 2160 | F31: =IF(SUM(C31:E31)=0,0,SUM(C31:E31)) -> 15360
A32: 46202 | B32: الاثنين | C32: 3515 | D32: 105 | E32: 695 | F32: =IF(SUM(C32:E32)=0,0,SUM(C32:E32)) -> 4315
A33: 46203 | B33: الثلاثاء | C33: 3900 | E33: 1355 | F33: =IF(SUM(C33:E33)=0,0,SUM(C33:E33)) -> 5255
A34: الإجمالي | C34: =SUM(C4:C33) -> 30280 | D34: =SUM(D4:D33) -> 430 | E34: =SUM(E4:E33) -> 4810 | F34: =SUM(F4:F33) -> 35520

Sheet المشتريات اليومية
A1: المشتريات اليومية
A3: التاريخ | B3: اليوم | C3: الفئة | D3: اسم المورد | E3: الكمية | F3: السعر | G3: الإجمالي | H3: ملاحظات
A4: 46180 | B4: الاحد | G4: 10100
A5: 46181 | B5: الاثنين | G5: 3200
A6: 46182 | B6: الثلاثاء | G6: 8576
A7: 46183 | B7: الاربع | G7: 3000
A8: 46184 | B8: الخميس | G8: 1675
A9: 46185 | B9: الجمعة | G9: 14400
A10: 46186 | B10: السبت | G10: 250
A11: 46187 | B11: الاحد | G11: 100
A12: 46188 | B12: الاتنين | G12: 5995
A13: 46189 | B13: الثلاثاء | G13: =630+310+8406+660 -> 10006
A14: 46190 | B14: الاربعاء | G14: =230+4850+1670+3900+565 -> 11215
A15: 46191 | B15: الخميس | G15: =600+1260 -> 1860
A16: 46190 | B16: الجمعة | G16: 7806
A17: 46193 | B17: السبت | G17: =260+1375+6431 -> 8066
A18: 46194 | B18: الاحد | G18: =4085+260 -> 4345
A19: 46195 | B19: الاثنين | G19: =450+5485 -> 5935
A20: 46196 | B20: الثلاثاء | G20: =500+400+2250 -> 3150
A21: 46197 | B21: الاربع | G21: =2060+910+5250 -> 8220
A22: 46198 | B22: الخميس | G22: 6500
A23: 46199 | B23: الجمعة | G23: =3920+3150 -> 7070
A24: 46200 | B24: السبت | C24: فواكه | D24: الهنا | G24: 1635
A25: 46201 | B25: السبت | C25: خامات | D25: العماوي | G25: 13425
A26: 46201 | B26: الاحد | C26: خامات | D26: العماوي | G26: 5895
A27: 46201 | B27: االاحد | C27: خامات | D27: العماوي | G27: 225
A28: 46201 | B28: االاحد | C28: خامات | D28: العماوي | G28: 50
A29: 46201 | B29: االاحد | C29: فواكه | D29: الهنا | G29: 925
A30: 46202 | B30: الاثنين | C30: تشوكلت كيك | D30: مدام نهى | G30: 450
A31: 46202 | B31: الاثنين | C31: خامات | D31: العماوي | G31: 8440
A32: 46202 | B32: الاثنين | C32: فواكه | D32: الهنا | G32: 1046
A33: 46202 | B33: الاثنين | C33: خامات | D33: العماوي | G33: 8000
A34: 46203 | B34: الثلاثاء | C34: فواكه | D34: الهنا | G34: 1700
A35: 46203 | B35: الثلاثاء | C35: تورته | D35: مدام نهى | G35: 350
G36: =SUM(G4:G35) -> 163610 | H36: اجمالي المشتريات
B37: =IF(A37="","",TEXT(A37,"dddd"))
B38: =IF(A38="","",TEXT(A38,"dddd"))
B39: =IF(A39="","",TEXT(A39,"dddd"))

Sheet المصروفات
A1: المصروفات النثرية
A3: التاريخ | B3: الفئة | C3: المبلغ | D3: ملاحظات
A4: 46218 | B4: كراسي و تروسكل | C4: 890 | D4: ماتش مصر و بلجيكا
A5: 46195 | B5: كراسي و تروسكل | C5: 890 | D5: ماتش مصر و نيوزلندا
A6: 46200 | B6: كراسي و تروسكل | C6: =690+200 -> 890 | D6: ماتش مصر و ايران
A7: 46200 | B7: دليفري | C7: 150
A8: 46201 | B8: دليفري فواكه الهنا | C8: 80
A9: 46201 | B9: دفتر حضور و انصراف | C9: 140
A10: 46201 | B10: علبة اقلام | C10: 55
A11: 46201 | B11: دليفري | C11: 120
A12: 46201 | B12: سلك نت + دايفري | C12: 190
A13: 46202 | B13: دليفري فواكه الهنا | C13: 50
A14: 46202 | B14: دليفري العماوي | C14: 180
A15: 46202 | B15: مصاريف سيستم | C15: 3800
A16: 46202 | B16: اختبار سيستم | C16: 150
B17: ايجار | C17: 18000
B18: كهرباء و مياه | C18: 1500
B19: اشتراك نت | C19: 2000
C20: =SUM(C4:C19) -> 29085 | D20: اجمالي المصروفات
A42: الإجمالي | C42: =SUM(C6:C40) -> 56390

Sheet تقفيلة اليوم
A1: تقفيلة اليوم
F7: سجل التقفيلات
A10: التاريخ | B10: اليوم | C10: كاش | D10: انستا | E10: فودافون كاش | F10: المشتريات | G10: المصروفات | H10: السلفة | I10: الاجمالي | J10: ملاحظات
A11: 46174 | B11: الاثنين
A12: 46175 | B12: الثلاثاء
A13: 46176 | B13: الأربعاء
A14: 46177 | B14: الخميس
A15: 46178 | B15: الجمعة
A16: 46179 | B16: السبت
A17: 46180 | B17: الأحد | I17: 4150
A18: 46181 | B18: الاثنين | I18: 3885
A19: 46182 | B19: الثلاثاء | I19: 2685 | J19: تلف المكينة
A20: 46183 | B20: الأربعاء | I20: 2193 | J20: تلف المكينة
A21: 46184 | B21: الخميس | I21: 6445
A22: 46185 | B22: الجمعة | I22: 8050
A23: 46186 | B23: السبت | I23: 11755
A24: 46187 | B24: الأحد | I24: 6955
A25: 46188 | B25: الاثنين | I25: 10900 | J25: ماتش مصر و بالجيكا
A26: 46189 | B26: الثلاثاء | I26: 7150
A27: 46190 | B27: الأربعاء | I27: 10020
A28: 46191 | B28: الخميس | I28: 8550
A29: 46192 | B29: الجمعة | I29: 5155
A30: 46193 | B30: السبت | I30: 9100
A31: 46194 | B31: الأحد | I31: 11850
A32: 46195 | B32: الاثنين | I32: 10700 | J32: ماتش مصر و نيوزلندا
A33: 46196 | B33: الثلاثاء | I33: 9700
A34: 46197 | B34: الأربعاء | I34: 11000
A35: 46198 | B35: الخميس | I35: 15032
A36: 46199 | B36: الجمعة | I36: 19573 | J36: ماتش مصر و ايران
A37: 46200 | B37: السبت | C37: 9665 | D37: 600 | E37: 325 | F37: 1635 | G37: =890+150 -> 1040 | H37: 125 | I37: 13390 | J37: يوجد زيادة 68 جنية
A38: 46201 | B38: الأحد | C38: =4640+8560 -> 13200 | D38: =170+40+30+200+350+200+180+345+90+45+390+120 -> 2160 | F38: =845+300+170 -> 1315 | G38: =140+55+120+270 -> 585 | H38: =30+140+30+30+15+10+20+20+100 -> 395 | I38: 17655 | J38: يوجد عجز في 2 جنيه
A39: 46202 | B39: الاثنين | C39: 2070 | D39: =215+235+80+165 -> 695 | E39: 105 | F39: =450+9450 -> 9900 | G39: =150+3800+180+50 -> 4180 | H39: =200+15+250+100+100+100+100 -> 865 | I39: =SUM(C39:H39) -> 17815 | J39: يوجد 100 جنية تصفية لي حساب عمرو عماد
A40: 46203 | B40: الثلاثاء | C40: 3965 | D40: =245+80+425+100+175+330 -> 1355 | F40: =1700+10000+350 -> 12050 | G40: =4065+300+100+85 -> 4550 | H40: =100+200+50+15+110+115+100+100+10 -> 800 | I40: =SUM(C40:H40) -> 22720
I41: =SUM(I17:I40) -> 246428 | J41: الاجمالي
I50: =65134+150605+27305 -> 243044
I53: =243044-246428 -> -3384

Sheet الرواتب
C2: جدول رواتب شهر 6
A5: م | B5: اسم الموظف | C5: الوظيفة | D5: الراتب الأساسي | E5: إضافي | F5: قيمة السلفة | G5: خصومات | H5: صافي الراتب | I5: المبلغ المدفوع | J5: المبلغ المتبقى | K5: ملاحظات | U5: تصفية
A6: 1 | B6: محمود محمد صبحي | F6: =50+15+50+80+20+10+30+15 -> 270 | G6: نصف يوم | U6: الاسم | V6: المبلغ المدفوع
A7: 2 | B7: محمد احمد صلاح احمد | I7: 5050 | K7: خالص | U7: ابراهيم بدر | V7: 1665
A8: 3 | B8: يوسف محمد شحته | I8: 5000 | K8: خالص | U8: فتحي | V8: 300
A9: 4 | B9: محمود عثمان فؤاد | I9: 5000 | K9: خالص | U9: زياد تامر | V9: 4104
A10: 5 | B10: عبد الله محمد عبد المنعم | I10: 6120 | K10: تصفية | U10: ح ممدوح | V10: 2000
A11: 6 | B11: سيف فخري فوزي | I11: 2750 | K11: خالص | U11: سيف عصام | V11: 9000
A12: 7 | B12: فارس هاني | F12: =150+120 -> 270 | I12: 3000 | J12: -520 | K12: خالص | U12: محمدعزت | V12: 1290
A13: 8 | B13: محمد صبري محمد | I13: 3675 | K13: خالص | U13: محمد رشاد | V13: 1500
A14: 9 | B14: عمار محمد صبحي | F14: =200+30+15+200+15+20+20+70+87+25+10+10+30+355 -> 1087 | I14: 3000 | U14: عبد الله محمد | V14: 6120
A15: 10 | B15: رياض حامد رياض عطية | I15: 8350 | K15: تصفية | U15: رياض حامد | V15: 8350
A16: 11 | B16: سيف عصام طايل | I16: 9000 | K16: تصفية | U16: محمد اسامة | V16: 4000
A17: 12 | B17: منة الله سيف محمد راغب | F17: 400 | I17: 1770 | K17: تصفية
A18: 13 | B18: احمد ايمن رجب | F18: 400 | I18: 600 | K18: تصفية
A19: 14 | B19: عيد نوح عيد نوح صالح | I19: 1000 | K19: خالص
A20: 15 | B20: ادم ياسر محمد | I20: =6000+1000+1500+500 -> 9000
B21: محمد اشرف | I21: =2750+1660 -> 4410
A22: 16 | B22: محمد رافت | F22: 120
A23: 17 | B23: احمد هش هش | F23: 130 | I23: 1330 | K23: خالص
A24: 18 | B24: محمد صبحي البهنسي | F24: =500 -> 500
A25: 19 | B25: ابراهيم بدر | I25: 1665 | K25: تصفية
A26: 20 | B26: فتحي | I26: 300 | K26: تصفية
A27: 21 | B27: زياد تامر | I27: 4104 | K27: تصفية
A28: 22 | B28: محمد عزت | I28: 1290 | K28: تصفية
A29: 23 | B29: ح ممدوح | I29: 2000 | K29: تصفية
A30: 24 | B30: عبد الله الغزولي | F30: 120 | I30: 3000 | K30: لحد 30/6
A31: 25 | B31: محمد اسامة | I31: 4000 | K31: تصفية
A32: 26 | B32: محمد رشاد | I32: 1500
I33: =SUM(I6:I32) -> 86914 | J33: الاجمالي
B46: 46203 | C46: باقي حساب فتحي 300 | D46: كانت في المصاريف النثرية

Sheet سلف الموظفين
A1: سلف الموظفين
A3: التاريخ | B3: اسم الموظف | C3: المبلغ | D3: ملاحظات | H3: =SUM(C4:C462) -> 2085 | I3: اجمالي السلف
A4: 27/6 | B4: عبد الله محمد عبد المنعم | C4: 100
A5: 27/6 | B5: عمار محمد صبحي عبد الفتاح | C5: 25
A6: 28/6 | B6: محمد احمد صلاح احمد | C6: 100
A7: 28/6 | B7: عمار محمد صبحي عبد الفتاح | C7: 70
A8: 28/6 | B8: محمود محمد | C8: 20
A9: 28/6 | B9: فارس احمد | C9: 20
A10: 28/6 | B10: محمد رافت | C10: 20
A11: 28/6 | B11: محمد صبري محمد | C11: 20
A12: 28/6 | B12: احمد هش هش | C12: 30
A13: 28/6 | B13: فارس احمد | C13: 45
A14: 28/6 | B14: عمار محمد صبحي عبد الفتاح | C14: 20
A15: 28/6 | B15: عبد الله الغذالي | C15: 20
... A20: 29/6 | B20: عمار محمد صبحي عبد الفتاح | C20: 15
A21: 29/6 | B21: محمود محمد | C21: 100 | D21: خصم اكل الاوردر
A22: 29/6 | B22: محمد صبري محمد | C22: 100 | D22: خصم اكل الاوردر
A23: 46203
A24: 46203 | B24: احمد ايمن رجب | C24: 200
A25: 46203 | B25: محمود محمد | C25: 50
A26: 46203 | B26: عمار محمد صبحي عبد الفتاح | C26: 25
A27: 46203 | B27: محمد صبري محمد | C27: 110
A28: 46203 | B28: فارس هاني | C28: 115
A29: 46203 | B29: عبد الله الغذالي | C29: 100
A30: 46203 | B30: عبد الله محمد عبد المنعم | C30: 100
A31: 46203 | B31: احمد هش هش | C31: 100 | D31: بدل مواصلات

Sheet المخزون
A1: المخزون
A2: ملاحظة: يتم تحديث الوارد من شيت المشتريات اليومية، والصادر من شيت الجرد
A4: م | B4: اسم الصنف | C4: سعر الوحدة | D4: رصيد أول المدة | E4: الوارد | F4: الصادر | G4: الرصيد الحالي | H4: قيمة الرصيد
A5: 1 | B5: قهوة | G5: =IF(D5=0,0,D5+E5-F5) -> 0 | H5: =IF(G5=0,0,G5*C5) -> 0
A6: 2 | B6: حليب | G6: =IF(D6=0,0,D6+E6-F6) -> 0 | H6: =IF(G6=0,0,G6*C6) -> 0
A7: 3 | B7: سكر | G7: =IF(D7=0,0,D7+E7-F7) -> 0 | H7: =IF(G7=0,0,G7*C7) -> 0
A8: 4 | B8: شاي | G8: =IF(D8=0,0,D8+E8-F8) -> 0 | H8: =IF(G8=0,0,G8*C8) -> 0
A9: 5 | B9: عصائر | G9: =IF(D9=0,0,D9+E9-F9) -> 0 | H9: =IF(G9=0,0,G9*C9) -> 0
A10: 6 | B10: مياه | G10: =IF(D10=0,0,D10+E10-F10) -> 0 | H10: =IF(G10=0,0,G10*C10) -> 0
A11: 7 | B11: مشروبات غازية | G11: =IF(D11=0,0,D11+E11-F11) -> 0 | H11: =IF(G11=0,0,G11*C11) -> 0
A12: 8 | B12: مستلزمات نظافة | G12: =IF(D12=0,0,D12+E12-F12) -> 0 | H12: =IF(G12=0,0,G12*C12) -> 0
A13: 9 | B13: أكواب ورقية | G13: =IF(D13=0,0,D13+E13-F13) -> 0 | H13: =IF(G13=0,0,G13*C13) -> 0
A14: 10 | B14: بسكويت/حلويات | G14: =IF(D14=0,0,D14+E14-F14) -> 0 | H14: =IF(G14=0,0,G14*C14) -> 0
A15: 11 | B15: زيت طهي | G15: =IF(D15=0,0,D15+E15-F15) -> 0 | H15: =IF(G15=0,0,G15*C15) -> 0
A16: 12 | B16: دقيق | G16: =IF(D16=0,0,D16+E16-F16) -> 0 | H16: =IF(G16=0,0,G16*C16) -> 0
... A19: 15 | B19: مكسرات | G19: =IF(D19=0,0,D19+E19-F19) -> 0 | H19: =IF(G19=0,0,G19*C19) -> 0
A20: الإجمالي | D20: =SUM(D5:D19) -> 0 | E20: =SUM(E5:E19) -> 0 | F20: =SUM(F5:F19) -> 0 | G20: =SUM(G5:G19) -> 0 | H20: =SUM(H5:H19) -> 0

Sheet الجرد
A1: جرد المخزون
A3: التاريخ | B3: الصنف | C3: رصيد النظام | D3: الرصيد الفعلي | E3: الفرق | F3: الحالة | G3: ملاحظات
E4: =IF(C4*D4=0,0,C4-D4) -> 0 | F4: =IF(C4=0,"",IF(E4=0,"مطابق","فيه فرق"))
E5: =IF(C5*D5=0,0,C5-D5) -> 0 | F5: =IF(C5=0,"",IF(E5=0,"مطابق","فيه فرق"))
E6: =IF(C6*D6=0,0,C6-D6) -> 0 | F6: =IF(C6=0,"",IF(E6=0,"مطابق","فيه فرق"))
E7: =IF(C7*D7=0,0,C7-D7) -> 0 | F7: =IF(C7=0,"",IF(E7=0,"مطابق","فيه فرق"))
E8: =IF(C8*D8=0,0,C8-D8) -> 0 | F8: =IF(C8=0,"",IF(E8=0,"مطابق","فيه فرق"))
E9: =IF(C9*D9=0,0,C9-D9) -> 0 | F9: =IF(C9=0,"",IF(E9=0,"مطابق","فيه فرق"))
E10: =IF(C10*D10=0,0,C10-D10) -> 0 | F10: =IF(C10=0,"",IF(E10=0,"مطابق","فيه فرق"))
E11: =IF(C11*D11=0,0,C11-D11) -> 0 | F11: =IF(C11=0,"",IF(E11=0,"مطابق","فيه فرق"))
E12: =IF(C12*D12=0,0,C12-D12) -> 0 | F12: =IF(C12=0,"",IF(E12=0,"مطابق","فيه فرق"))
E13: =IF(C13*D13=0,0,C13-D13) -> 0 | F13: =IF(C13=0,"",IF(E13=0,"مطابق","فيه فرق"))
E14: =IF(C14*D14=0,0,C14-D14) -> 0 | F14: =IF(C14=0,"",IF(E14=0,"مطابق","فيه فرق"))
E15: =IF(C15*D15=0,0,C15-D15) -> 0 | F15: =IF(C15=0,"",IF(E15=0,"مطابق","فيه فرق"))
... E53: =IF(C53*D53=0,0,C53-D53) -> 0 | F53: =IF(C53=0,"",IF(E53=0,"مطابق","فيه فرق"))

Sheet الموردين
A1: بيانات الموردين
A3: م | B3: اسم المورد | C3: رقم الهاتف | D3: العنوان | E3: المنتجات الموردة | F3: إجمالي المشتريات | G3: مدفوع | H3: المتبقي
A4: 2 | F4: =IF(B4="",0,SUMIF('المشتريات اليومية'!D:D,B4,'المشتريات اليومية'!G:G)) -> 0 | H4: =IF(F4=0,0,F4-G4) -> 0
A5: 1 | F5: =IF(B5="",0,SUMIF('المشتريات اليومية'!D:D,B5,'المشتريات اليومية'!G:G)) -> 0 | H5: =IF(F5=0,0,F5-G5) -> 0
A6: 3 | F6: =IF(B6="",0,SUMIF('المشتريات اليومية'!D:D,B6,'المشتريات اليومية'!G:G)) -> 0 | H6: =IF(F6=0,0,F6-G6) -> 0
A7: 4 | F7: =IF(B7="",0,SUMIF('المشتريات اليومية'!D:D,B7,'المشتريات اليومية'!G:G)) -> 0 | H7: =IF(F7=0,0,F7-G7) -> 0
A8: 5 | F8: =IF(B8="",0,SUMIF('المشتريات اليومية'!D:D,B8,'المشتريات اليومية'!G:G)) -> 0 | H8: =IF(F8=0,0,F8-G8) -> 0
A9: 6 | F9: =IF(B9="",0,SUMIF('المشتريات اليومية'!D:D,B9,'المشتريات اليومية'!G:G)) -> 0 | H9: =IF(F9=0,0,F9-G9) -> 0
A10: 7 | F10: =IF(B10="",0,SUMIF('المشتريات اليومية'!D:D,B10,'المشتريات اليومية'!G:G)) -> 0 | H10: =IF(F10=0,0,F10-G10) -> 0
A11: 8 | F11: =IF(B11="",0,SUMIF('المشتريات اليومية'!D:D,B11,'المشتريات اليومية'!G:G)) -> 0 | H11: =IF(F11=0,0,F11-G11) -> 0
A12: 9 | F12: =IF(B12="",0,SUMIF('المشتريات اليومية'!D:D,B12,'المشتريات اليومية'!G:G)) -> 0 | H12: =IF(F12=0,0,F12-G12) -> 0
A13: 10 | F13: =IF(B13="",0,SUMIF('المشتريات اليومية'!D:D,B13,'المشتريات اليومية'!G:G)) -> 0 | H13: =IF(F13=0,0,F13-G13) -> 0
A14: 11 | F14: =IF(B14="",0,SUMIF('المشتريات اليومية'!D:D,B14,'المشتريات اليومية'!G:G)) -> 0 | H14: =IF(F14=0,0,F14-G14) -> 0
A15: 12 | F15: =IF(B15="",0,SUMIF('المشتريات اليومية'!D:D,B15,'المشتريات اليومية'!G:G)) -> 0 | H15: =IF(F15=0,0,F15-G15) -> 0
... A18: 15 | F18: =IF(B18="",0,SUMIF('المشتريات اليومية'!D:D,B18,'المشتريات اليومية'!G:G)) -> 0 | H18: =IF(F18=0,0,F18-G18) -> 0

Sheet ملخص شهري
A1: الملخص الشهري
A3: Column1 | B3: Column2 | C3: Column3 | D3: Column4 | E3: Column5 | F3: Column6 | G3: Column7
A4: الشهر | B4: إجمالي الإيرادات | C4: إجمالي المشتريات | D4: إجمالي المصروفات النثرية | E4: إجمالي الرواتب | F4: صافي الربح/الخسارة | G4: ملاحظات
A5: 6 | B5: =SUM('تقفيلة اليوم'!I17:I40) -> 246428 | C5: =SUM('المشتريات اليومية'!G36) -> 163610 | D5: 29085 | E5: =SUM(الرواتب!I6:I32) -> 86914 | F5: =SUM(E21) -> -33181
E16: =SUM(C5:E5) -> 279609
E21: =SUM(B5-E16) -> -33181
