Workbook

Sheet Dashboard
A1: لوحة التحكم - Cafe 2M
A3: مؤشرات الأداء الرئيسية
A5: اجمالي الايرادات (الشهر الحالي) | B5: =SUMPRODUCT(ISNUMBER('الإيرادات اليومية'!A4:A34)*ISNUMBER('الإيرادات اليومية'!G4:G34)*(MONTH('الإيرادات اليومية'!A4:A34)=MONTH(TODAY()))*(YEAR('الإيرادات اليومية'!A4:A34)=YEAR(TODAY()))*'الإيرادات اليومية'!G4:G34)
B6: =SUMPRODUCT(ISNUMBER('المشتريات اليومية'!A4:A53)*ISNUMBER('المشتريات اليومية'!G4:G53)*(MONTH('المشتريات اليومية'!A4:A53)=MONTH(TODAY()))*(YEAR('المشتريات اليومية'!A4:A53)=YEAR(TODAY()))*'المشتريات اليومية'!G4:G53)
B7: =SUMPRODUCT(ISNUMBER('المصروفات'!A4:A53)*ISNUMBER('المصروفات'!D4:D53)*(MONTH('المصروفات'!A4:A53)=MONTH(TODAY()))*(YEAR('المصروفات'!A4:A53)=YEAR(TODAY()))*'المصروفات'!D4:D53)
A8: صافي الربح (الشهر الحالي) | B8: =B5-B6-B7
A10: ملخص اليوم
A11: ايرادات اليوم | B11: =SUMIF('الإيرادات اليومية'!A:A,TODAY(),'الإيرادات اليومية'!G:G)
A12: مشتريات اليوم (نقدي) | B12: =SUMIFS('المشتريات اليومية'!H:H,'المشتريات اليومية'!A:A,TODAY())
A13: مصروفات اليوم | B13: =SUMIF('المصروفات'!A:A,TODAY(),'المصروفات'!D:D)
A14: صافي اليوم | B14: =B11-B12-B13

Sheet الموظفين
A1: بيانات الموظفين
A3: م | B3: اسم الموظف | C3: الوظيفة | D3: رقم التلفون
A4: 1 | B4: أحمد محمد | C4: مدير | D4: 01234567891
A5: 2 | B5: خالد علي | C5: باريستا | D5: 01234567892
A6: 3 | B6: محمد حسن | C6: باريستا | D6: 01234567893
A7: 4 | B7: يوسف عبدالله | C7: شيف | D7: 01234567894
A8: 5 | B8: عمر أحمد | C8: خدمة عملاء | D8: 01234567895
A9: 6
A10: 7
A11: 8
A12: 9
A13: 10
A14: 11
A15: 12
A16: 13
A17: 14
A18: 15
A19: 16
A20: 17
... A23: 20

Sheet الإيرادات اليومية
A1: جدول الإيرادات اليومية
A3: التاريخ | B3: اليوم | C3: كاش | D3: فيزا | E3: تطبيقات التوصيل | F3: إيرادات أخرى | G3: الإجمالي | H3: ملاحظات
A4: 46174 | B4: الاثنين | G4: =IF(SUM(C4:F4)=0,0,SUM(C4:F4))
A5: 46175 | B5: الثلاثاء | G5: =IF(SUM(C5:F5)=0,0,SUM(C5:F5))
A6: 46176 | B6: الأربعاء | G6: =IF(SUM(C6:F6)=0,0,SUM(C6:F6))
A7: 46177 | B7: الخميس | G7: =IF(SUM(C7:F7)=0,0,SUM(C7:F7))
A8: 46178 | B8: الجمعة | G8: =IF(SUM(C8:F8)=0,0,SUM(C8:F8))
A9: 46179 | B9: السبت | G9: =IF(SUM(C9:F9)=0,0,SUM(C9:F9))
A10: 46180 | B10: الأحد | G10: =IF(SUM(C10:F10)=0,0,SUM(C10:F10))
A11: 46181 | B11: الاثنين | G11: =IF(SUM(C11:F11)=0,0,SUM(C11:F11))
A12: 46182 | B12: الثلاثاء | G12: =IF(SUM(C12:F12)=0,0,SUM(C12:F12))
A13: 46183 | B13: الأربعاء | G13: =IF(SUM(C13:F13)=0,0,SUM(C13:F13))
A14: 46184 | B14: الخميس | G14: =IF(SUM(C14:F14)=0,0,SUM(C14:F14))
A15: 46185 | B15: الجمعة | G15: =IF(SUM(C15:F15)=0,0,SUM(C15:F15))
... A33: 46203 | B33: الثلاثاء | G33: =IF(SUM(C33:F33)=0,0,SUM(C33:F33))
A34: الإجمالي | C34: =SUM(C4:C33) | D34: =SUM(D4:D33) | E34: =SUM(E4:E33) | F34: =SUM(F4:F33) | G34: =SUM(G4:G33)

Sheet المشتريات اليومية
A1: المشتريات اليومية
A3: التاريخ | B3: اليوم | C3: اسم الصنف | D3: اسم المورد | E3: الكمية | F3: سعر الوحدة | G3: الإجمالي | H3: المدفوع | I3: المتبقي | J3: ملاحظات
B4: =IF(A4="","",TEXT(A4,"dddd")) | G4: =IF(E4*F4=0,0,E4*F4) | I4: =IF(G4=0,0,G4-H4)
B5: =IF(A5="","",TEXT(A5,"dddd")) | G5: =IF(E5*F5=0,0,E5*F5) | I5: =IF(G5=0,0,G5-H5)
B6: =IF(A6="","",TEXT(A6,"dddd")) | G6: =IF(E6*F6=0,0,E6*F6) | I6: =IF(G6=0,0,G6-H6)
B7: =IF(A7="","",TEXT(A7,"dddd")) | G7: =IF(E7*F7=0,0,E7*F7) | I7: =IF(G7=0,0,G7-H7)
B8: =IF(A8="","",TEXT(A8,"dddd")) | G8: =IF(E8*F8=0,0,E8*F8) | I8: =IF(G8=0,0,G8-H8)
B9: =IF(A9="","",TEXT(A9,"dddd")) | G9: =IF(E9*F9=0,0,E9*F9) | I9: =IF(G9=0,0,G9-H9)
B10: =IF(A10="","",TEXT(A10,"dddd")) | G10: =IF(E10*F10=0,0,E10*F10) | I10: =IF(G10=0,0,G10-H10)
B11: =IF(A11="","",TEXT(A11,"dddd")) | G11: =IF(E11*F11=0,0,E11*F11) | I11: =IF(G11=0,0,G11-H11)
B12: =IF(A12="","",TEXT(A12,"dddd")) | G12: =IF(E12*F12=0,0,E12*F12) | I12: =IF(G12=0,0,G12-H12)
B13: =IF(A13="","",TEXT(A13,"dddd")) | G13: =IF(E13*F13=0,0,E13*F13) | I13: =IF(G13=0,0,G13-H13)
B14: =IF(A14="","",TEXT(A14,"dddd")) | G14: =IF(E14*F14=0,0,E14*F14) | I14: =IF(G14=0,0,G14-H14)
B15: =IF(A15="","",TEXT(A15,"dddd")) | G15: =IF(E15*F15=0,0,E15*F15) | I15: =IF(G15=0,0,G15-H15)
... B53: =IF(A53="","",TEXT(A53,"dddd")) | G53: =IF(E53*F53=0,0,E53*F53) | I53: =IF(G53=0,0,G53-H53)
A55: الإجمالي | E55: =SUM(E4:E53) | G55: =SUM(G4:G53) | H55: =SUM(H4:H53) | I55: =SUM(I4:I53)

Sheet المصروفات
A1: المصروفات التشغيلية
A3: التاريخ | B3: البيان | C3: الفئة | D3: المبلغ | E3: ملاحظات
C5: إيجار
C6: كهرباء
C7: مياه
C8: غاز
C9: صيانة
C10: نظافة
C11: دعاية وإعلان
C12: تراخيص
C13: تأمينات
C14: أخرى
A55: الإجمالي | D55: =SUM(D4:D53)

Sheet تقفيلة اليوم
A1: تقفيلة اليوم
A3: ايرادات اليوم | B3: =SUMIF('الإيرادات اليومية'!A:A,TODAY(),'الإيرادات اليومية'!G:G)
A4: مشتريات اليوم (نقدي) | B4: =SUMIFS('المشتريات اليومية'!H:H,'المشتريات اليومية'!A:A,TODAY())
A5: مصروفات اليوم | B5: =SUMIF('المصروفات'!A:A,TODAY(),'المصروفات'!D:D)
A7: الصافي اليوم | B7: =B3-B4-B5
A9: سجل التقفيلات اليومية
A10: التاريخ | B10: اليوم | C10: الإيرادات | D10: المشتريات | E10: المصروفات | F10: صافي اليوم | G10: ملاحظات
A11: 46174 | B11: الاثنين | C11: =SUMIF('الإيرادات اليومية'!A:A,A11,'الإيرادات اليومية'!G:G) | D11: =SUMIFS('المشتريات اليومية'!H:H,'المشتريات اليومية'!A:A,A11) | E11: =SUMIF('المصروفات'!A:A,A11,'المصروفات'!D:D) | F11: =IF(SUM(C11:E11)=0,0,C11-D11-E11)
A12: 46175 | B12: الثلاثاء | C12: =SUMIF('الإيرادات اليومية'!A:A,A12,'الإيرادات اليومية'!G:G) | D12: =SUMIFS('المشتريات اليومية'!H:H,'المشتريات اليومية'!A:A,A12) | E12: =SUMIF('المصروفات'!A:A,A12,'المصروفات'!D:D) | F12: =IF(SUM(C12:E12)=0,0,C12-D12-E12)
A13: 46176 | B13: الأربعاء | C13: =SUMIF('الإيرادات اليومية'!A:A,A13,'الإيرادات اليومية'!G:G) | D13: =SUMIFS('المشتريات اليومية'!H:H,'المشتريات اليومية'!A:A,A13) | E13: =SUMIF('المصروفات'!A:A,A13,'المصروفات'!D:D) | F13: =IF(SUM(C13:E13)=0,0,C13-D13-E13)
A14: 46177 | B14: الخميس | C14: =SUMIF('الإيرادات اليومية'!A:A,A14,'الإيرادات اليومية'!G:G) | D14: =SUMIFS('المشتريات اليومية'!H:H,'المشتريات اليومية'!A:A,A14) | E14: =SUMIF('المصروفات'!A:A,A14,'المصروفات'!D:D) | F14: =IF(SUM(C14:E14)=0,0,C14-D14-E14)
A15: 46178 | B15: الجمعة | C15: =SUMIF('الإيرادات اليومية'!A:A,A15,'الإيرادات اليومية'!G:G) | D15: =SUMIFS('المشتريات اليومية'!H:H,'المشتريات اليومية'!A:A,A15) | E15: =SUMIF('المصروفات'!A:A,A15,'المصروفات'!D:D) | F15: =IF(SUM(C15:E15)=0,0,C15-D15-E15)
A16: 46179 | B16: السبت | C16: =SUMIF('الإيرادات اليومية'!A:A,A16,'الإيرادات اليومية'!G:G) | D16: =SUMIFS('المشتريات اليومية'!H:H,'المشتريات اليومية'!A:A,A16) | E16: =SUMIF('المصروفات'!A:A,A16,'المصروفات'!D:D) | F16: =IF(SUM(C16:E16)=0,0,C16-D16-E16)
A17: 46180 | B17: الأحد | C17: =SUMIF('الإيرادات اليومية'!A:A,A17,'الإيرادات اليومية'!G:G) | D17: =SUMIFS('المشتريات اليومية'!H:H,'المشتريات اليومية'!A:A,A17) | E17: =SUMIF('المصروفات'!A:A,A17,'المصروفات'!D:D) | F17: =IF(SUM(C17:E17)=0,0,C17-D17-E17)
A18: 46181 | B18: الاثنين | C18: =SUMIF('الإيرادات اليومية'!A:A,A18,'الإيرادات اليومية'!G:G) | D18: =SUMIFS('المشتريات اليومية'!H:H,'المشتريات اليومية'!A:A,A18) | E18: =SUMIF('المصروفات'!A:A,A18,'المصروفات'!D:D) | F18: =IF(SUM(C18:E18)=0,0,C18-D18-E18)
A19: 46182 | B19: الثلاثاء | C19: =SUMIF('الإيرادات اليومية'!A:A,A19,'الإيرادات اليومية'!G:G) | D19: =SUMIFS('المشتريات اليومية'!H:H,'المشتريات اليومية'!A:A,A19) | E19: =SUMIF('المصروفات'!A:A,A19,'المصروفات'!D:D) | F19: =IF(SUM(C19:E19)=0,0,C19-D19-E19)
A20: 46183 | B20: الأربعاء | C20: =SUMIF('الإيرادات اليومية'!A:A,A20,'الإيرادات اليومية'!G:G) | D20: =SUMIFS('المشتريات اليومية'!H:H,'المشتريات اليومية'!A:A,A20) | E20: =SUMIF('المصروفات'!A:A,A20,'المصروفات'!D:D) | F20: =IF(SUM(C20:E20)=0,0,C20-D20-E20)
A21: 46184 | B21: الخميس | C21: =SUMIF('الإيرادات اليومية'!A:A,A21,'الإيرادات اليومية'!G:G) | D21: =SUMIFS('المشتريات اليومية'!H:H,'المشتريات اليومية'!A:A,A21) | E21: =SUMIF('المصروفات'!A:A,A21,'المصروفات'!D:D) | F21: =IF(SUM(C21:E21)=0,0,C21-D21-E21)
A22: 46185 | B22: الجمعة | C22: =SUMIF('الإيرادات اليومية'!A:A,A22,'الإيرادات اليومية'!G:G) | D22: =SUMIFS('المشتريات اليومية'!H:H,'المشتريات اليومية'!A:A,A22) | E22: =SUMIF('المصروفات'!A:A,A22,'المصروفات'!D:D) | F22: =IF(SUM(C22:E22)=0,0,C22-D22-E22)
... A40: 46203 | B40: الثلاثاء | C40: =SUMIF('الإيرادات اليومية'!A:A,A40,'الإيرادات اليومية'!G:G) | D40: =SUMIFS('المشتريات اليومية'!H:H,'المشتريات اليومية'!A:A,A40) | E40: =SUMIF('المصروفات'!A:A,A40,'المصروفات'!D:D) | F40: =IF(SUM(C40:E40)=0,0,C40-D40-E40)

Sheet الرواتب
A1: جدول الرواتب
C3: الشهر | D3: June 2026
A5: م | B5: اسم الموظف | C5: الوظيفة | D5: الراتب الأساسي | E5: إضافي | F5: قيمة السلفة | G5: خصومات | H5: صافي الراتب | I5: التوقيع
A6: 1 | C6: =IF(B6="","",IFERROR(VLOOKUP(B6,'الموظفين'!B:D,2,FALSE),"")) | F6: =IF(B6="",0,SUMIF('سلف الموظفين'!B:B,B6,'سلف الموظفين'!E:E)) | H6: =IF(D6=0,0,D6+E6-F6-G6)
A7: 2 | C7: =IF(B7="","",IFERROR(VLOOKUP(B7,'الموظفين'!B:D,2,FALSE),"")) | F7: =IF(B7="",0,SUMIF('سلف الموظفين'!B:B,B7,'سلف الموظفين'!E:E)) | H7: =IF(D7=0,0,D7+E7-F7-G7)
A8: 3 | C8: =IF(B8="","",IFERROR(VLOOKUP(B8,'الموظفين'!B:D,2,FALSE),"")) | F8: =IF(B8="",0,SUMIF('سلف الموظفين'!B:B,B8,'سلف الموظفين'!E:E)) | H8: =IF(D8=0,0,D8+E8-F8-G8)
A9: 4 | C9: =IF(B9="","",IFERROR(VLOOKUP(B9,'الموظفين'!B:D,2,FALSE),"")) | F9: =IF(B9="",0,SUMIF('سلف الموظفين'!B:B,B9,'سلف الموظفين'!E:E)) | H9: =IF(D9=0,0,D9+E9-F9-G9)
A10: 5 | C10: =IF(B10="","",IFERROR(VLOOKUP(B10,'الموظفين'!B:D,2,FALSE),"")) | F10: =IF(B10="",0,SUMIF('سلف الموظفين'!B:B,B10,'سلف الموظفين'!E:E)) | H10: =IF(D10=0,0,D10+E10-F10-G10)
A11: 6 | C11: =IF(B11="","",IFERROR(VLOOKUP(B11,'الموظفين'!B:D,2,FALSE),"")) | F11: =IF(B11="",0,SUMIF('سلف الموظفين'!B:B,B11,'سلف الموظفين'!E:E)) | H11: =IF(D11=0,0,D11+E11-F11-G11)
A12: 7 | C12: =IF(B12="","",IFERROR(VLOOKUP(B12,'الموظفين'!B:D,2,FALSE),"")) | F12: =IF(B12="",0,SUMIF('سلف الموظفين'!B:B,B12,'سلف الموظفين'!E:E)) | H12: =IF(D12=0,0,D12+E12-F12-G12)
A13: 8 | C13: =IF(B13="","",IFERROR(VLOOKUP(B13,'الموظفين'!B:D,2,FALSE),"")) | F13: =IF(B13="",0,SUMIF('سلف الموظفين'!B:B,B13,'سلف الموظفين'!E:E)) | H13: =IF(D13=0,0,D13+E13-F13-G13)
A14: 9 | C14: =IF(B14="","",IFERROR(VLOOKUP(B14,'الموظفين'!B:D,2,FALSE),"")) | F14: =IF(B14="",0,SUMIF('سلف الموظفين'!B:B,B14,'سلف الموظفين'!E:E)) | H14: =IF(D14=0,0,D14+E14-F14-G14)
A15: 10 | C15: =IF(B15="","",IFERROR(VLOOKUP(B15,'الموظفين'!B:D,2,FALSE),"")) | F15: =IF(B15="",0,SUMIF('سلف الموظفين'!B:B,B15,'سلف الموظفين'!E:E)) | H15: =IF(D15=0,0,D15+E15-F15-G15)
A16: 11 | C16: =IF(B16="","",IFERROR(VLOOKUP(B16,'الموظفين'!B:D,2,FALSE),"")) | F16: =IF(B16="",0,SUMIF('سلف الموظفين'!B:B,B16,'سلف الموظفين'!E:E)) | H16: =IF(D16=0,0,D16+E16-F16-G16)
A17: 12 | C17: =IF(B17="","",IFERROR(VLOOKUP(B17,'الموظفين'!B:D,2,FALSE),"")) | F17: =IF(B17="",0,SUMIF('سلف الموظفين'!B:B,B17,'سلف الموظفين'!E:E)) | H17: =IF(D17=0,0,D17+E17-F17-G17)
... A20: 15 | C20: =IF(B20="","",IFERROR(VLOOKUP(B20,'الموظفين'!B:D,2,FALSE),"")) | F20: =IF(B20="",0,SUMIF('سلف الموظفين'!B:B,B20,'سلف الموظفين'!E:E)) | H20: =IF(D20=0,0,D20+E20-F20-G20)
A22: الإجمالي | D22: =SUM(D6:D20) | E22: =SUM(E6:E20) | F22: =SUM(F6:F20) | G22: =SUM(G6:G20) | H22: =SUM(H6:H20)

Sheet سلف الموظفين
A1: سلف الموظفين
A3: التاريخ | B3: اسم الموظف | C3: المبلغ | D3: المبلغ المسدد | E3: المتبقي | F3: حالة السداد | G3: ملاحظات
E4: =IF(C4=0,0,C4-D4) | F4: =IF(C4=0,"",IF(E4=0,"مسدد","متبقي"))
E5: =IF(C5=0,0,C5-D5) | F5: =IF(C5=0,"",IF(E5=0,"مسدد","متبقي"))
E6: =IF(C6=0,0,C6-D6) | F6: =IF(C6=0,"",IF(E6=0,"مسدد","متبقي"))
E7: =IF(C7=0,0,C7-D7) | F7: =IF(C7=0,"",IF(E7=0,"مسدد","متبقي"))
E8: =IF(C8=0,0,C8-D8) | F8: =IF(C8=0,"",IF(E8=0,"مسدد","متبقي"))
E9: =IF(C9=0,0,C9-D9) | F9: =IF(C9=0,"",IF(E9=0,"مسدد","متبقي"))
E10: =IF(C10=0,0,C10-D10) | F10: =IF(C10=0,"",IF(E10=0,"مسدد","متبقي"))
E11: =IF(C11=0,0,C11-D11) | F11: =IF(C11=0,"",IF(E11=0,"مسدد","متبقي"))
E12: =IF(C12=0,0,C12-D12) | F12: =IF(C12=0,"",IF(E12=0,"مسدد","متبقي"))
E13: =IF(C13=0,0,C13-D13) | F13: =IF(C13=0,"",IF(E13=0,"مسدد","متبقي"))
E14: =IF(C14=0,0,C14-D14) | F14: =IF(C14=0,"",IF(E14=0,"مسدد","متبقي"))
E15: =IF(C15=0,0,C15-D15) | F15: =IF(C15=0,"",IF(E15=0,"مسدد","متبقي"))
... E53: =IF(C53=0,0,C53-D53) | F53: =IF(C53=0,"",IF(E53=0,"مسدد","متبقي"))

Sheet حضور وانصراف
A1: تسجيل الحضور والانصراف
A3: التاريخ | B3: اسم الموظف | C3: الحضور | D3: الانصراف | E3: ساعات العمل | F3: تأخير (دقائق) | G3: ملاحظات
E4: =IF(C4*D4=0,0,(D4-C4)*24) | F4: =IF(C4=0,0,MAX(0,(C4-TIME(9,0,0))*1440))
E5: =IF(C5*D5=0,0,(D5-C5)*24) | F5: =IF(C5=0,0,MAX(0,(C5-TIME(9,0,0))*1440))
E6: =IF(C6*D6=0,0,(D6-C6)*24) | F6: =IF(C6=0,0,MAX(0,(C6-TIME(9,0,0))*1440))
E7: =IF(C7*D7=0,0,(D7-C7)*24) | F7: =IF(C7=0,0,MAX(0,(C7-TIME(9,0,0))*1440))
E8: =IF(C8*D8=0,0,(D8-C8)*24) | F8: =IF(C8=0,0,MAX(0,(C8-TIME(9,0,0))*1440))
E9: =IF(C9*D9=0,0,(D9-C9)*24) | F9: =IF(C9=0,0,MAX(0,(C9-TIME(9,0,0))*1440))
E10: =IF(C10*D10=0,0,(D10-C10)*24) | F10: =IF(C10=0,0,MAX(0,(C10-TIME(9,0,0))*1440))
E11: =IF(C11*D11=0,0,(D11-C11)*24) | F11: =IF(C11=0,0,MAX(0,(C11-TIME(9,0,0))*1440))
E12: =IF(C12*D12=0,0,(D12-C12)*24) | F12: =IF(C12=0,0,MAX(0,(C12-TIME(9,0,0))*1440))
E13: =IF(C13*D13=0,0,(D13-C13)*24) | F13: =IF(C13=0,0,MAX(0,(C13-TIME(9,0,0))*1440))
E14: =IF(C14*D14=0,0,(D14-C14)*24) | F14: =IF(C14=0,0,MAX(0,(C14-TIME(9,0,0))*1440))
E15: =IF(C15*D15=0,0,(D15-C15)*24) | F15: =IF(C15=0,0,MAX(0,(C15-TIME(9,0,0))*1440))
... E103: =IF(C103*D103=0,0,(D103-C103)*24) | F103: =IF(C103=0,0,MAX(0,(C103-TIME(9,0,0))*1440))

Sheet المخزون
A1: المخزون
A2: ملاحظة: يتم تحديث الوارد من شيت المشتريات اليومية، والصادر من شيت الجرد
A4: م | B4: اسم الصنف | C4: الوحدة | D4: سعر الوحدة | E4: رصيد أول المدة | F4: الوارد | G4: الصادر | H4: الرصيد الحالي | I4: قيمة الرصيد
A5: 1 | B5: قهوة | C5: كجم | H5: =IF(E5=0,0,E5+F5-G5) | I5: =IF(H5=0,0,H5*D5)
A6: 2 | B6: حليب | C6: لتر | H6: =IF(E6=0,0,E6+F6-G6) | I6: =IF(H6=0,0,H6*D6)
A7: 3 | B7: سكر | C7: كجم | H7: =IF(E7=0,0,E7+F7-G7) | I7: =IF(H7=0,0,H7*D7)
A8: 4 | B8: شاي | C8: كجم | H8: =IF(E8=0,0,E8+F8-G8) | I8: =IF(H8=0,0,H8*D8)
A9: 5 | B9: عصائر | C9: كرتونة | H9: =IF(E9=0,0,E9+F9-G9) | I9: =IF(H9=0,0,H9*D9)
A10: 6 | B10: مياه | C10: كرتونة | H10: =IF(E10=0,0,E10+F10-G10) | I10: =IF(H10=0,0,H10*D10)
A11: 7 | B11: مشروبات غازية | C11: كرتونة | H11: =IF(E11=0,0,E11+F11-G11) | I11: =IF(H11=0,0,H11*D11)
A12: 8 | B12: مستلزمات نظافة | C12: حبة | H12: =IF(E12=0,0,E12+F12-G12) | I12: =IF(H12=0,0,H12*D12)
A13: 9 | B13: أكواب ورقية | C13: كرتونة | H13: =IF(E13=0,0,E13+F13-G13) | I13: =IF(H13=0,0,H13*D13)
A14: 10 | B14: بسكويت/حلويات | C14: كرتونة | H14: =IF(E14=0,0,E14+F14-G14) | I14: =IF(H14=0,0,H14*D14)
A15: 11 | B15: زيت طهي | C15: لتر | H15: =IF(E15=0,0,E15+F15-G15) | I15: =IF(H15=0,0,H15*D15)
A16: 12 | B16: دقيق | C16: كجم | H16: =IF(E16=0,0,E16+F16-G16) | I16: =IF(H16=0,0,H16*D16)
... A19: 15 | B19: مكسرات | C19: كجم | H19: =IF(E19=0,0,E19+F19-G19) | I19: =IF(H19=0,0,H19*D19)
A20: الإجمالي | E20: =SUM(E5:E19) | F20: =SUM(F5:F19) | G20: =SUM(G5:G19) | H20: =SUM(H5:H19) | I20: =SUM(I5:I19)

Sheet الجرد
A1: جرد المخزون
A3: التاريخ | B3: الصنف | C3: رصيد النظام | D3: الرصيد الفعلي | E3: الفرق | F3: الحالة | G3: ملاحظات
E4: =IF(C4*D4=0,0,C4-D4) | F4: =IF(C4=0,"",IF(E4=0,"مطابق","فيه فرق"))
E5: =IF(C5*D5=0,0,C5-D5) | F5: =IF(C5=0,"",IF(E5=0,"مطابق","فيه فرق"))
E6: =IF(C6*D6=0,0,C6-D6) | F6: =IF(C6=0,"",IF(E6=0,"مطابق","فيه فرق"))
E7: =IF(C7*D7=0,0,C7-D7) | F7: =IF(C7=0,"",IF(E7=0,"مطابق","فيه فرق"))
E8: =IF(C8*D8=0,0,C8-D8) | F8: =IF(C8=0,"",IF(E8=0,"مطابق","فيه فرق"))
E9: =IF(C9*D9=0,0,C9-D9) | F9: =IF(C9=0,"",IF(E9=0,"مطابق","فيه فرق"))
E10: =IF(C10*D10=0,0,C10-D10) | F10: =IF(C10=0,"",IF(E10=0,"مطابق","فيه فرق"))
E11: =IF(C11*D11=0,0,C11-D11) | F11: =IF(C11=0,"",IF(E11=0,"مطابق","فيه فرق"))
E12: =IF(C12*D12=0,0,C12-D12) | F12: =IF(C12=0,"",IF(E12=0,"مطابق","فيه فرق"))
E13: =IF(C13*D13=0,0,C13-D13) | F13: =IF(C13=0,"",IF(E13=0,"مطابق","فيه فرق"))
E14: =IF(C14*D14=0,0,C14-D14) | F14: =IF(C14=0,"",IF(E14=0,"مطابق","فيه فرق"))
E15: =IF(C15*D15=0,0,C15-D15) | F15: =IF(C15=0,"",IF(E15=0,"مطابق","فيه فرق"))
... E53: =IF(C53*D53=0,0,C53-D53) | F53: =IF(C53=0,"",IF(E53=0,"مطابق","فيه فرق"))

Sheet الموردين
A1: بيانات الموردين
A3: م | B3: اسم المورد | C3: رقم الهاتف | D3: العنوان | E3: المنتجات الموردة | F3: إجمالي المشتريات | G3: مدفوع | H3: المتبقي
A4: 1 | F4: =IF(B4="",0,SUMIF('المشتريات اليومية'!D:D,B4,'المشتريات اليومية'!G:G)) | H4: =IF(F4=0,0,F4-G4)
A5: 2 | F5: =IF(B5="",0,SUMIF('المشتريات اليومية'!D:D,B5,'المشتريات اليومية'!G:G)) | H5: =IF(F5=0,0,F5-G5)
A6: 3 | F6: =IF(B6="",0,SUMIF('المشتريات اليومية'!D:D,B6,'المشتريات اليومية'!G:G)) | H6: =IF(F6=0,0,F6-G6)
A7: 4 | F7: =IF(B7="",0,SUMIF('المشتريات اليومية'!D:D,B7,'المشتريات اليومية'!G:G)) | H7: =IF(F7=0,0,F7-G7)
A8: 5 | F8: =IF(B8="",0,SUMIF('المشتريات اليومية'!D:D,B8,'المشتريات اليومية'!G:G)) | H8: =IF(F8=0,0,F8-G8)
A9: 6 | F9: =IF(B9="",0,SUMIF('المشتريات اليومية'!D:D,B9,'المشتريات اليومية'!G:G)) | H9: =IF(F9=0,0,F9-G9)
A10: 7 | F10: =IF(B10="",0,SUMIF('المشتريات اليومية'!D:D,B10,'المشتريات اليومية'!G:G)) | H10: =IF(F10=0,0,F10-G10)
A11: 8 | F11: =IF(B11="",0,SUMIF('المشتريات اليومية'!D:D,B11,'المشتريات اليومية'!G:G)) | H11: =IF(F11=0,0,F11-G11)
A12: 9 | F12: =IF(B12="",0,SUMIF('المشتريات اليومية'!D:D,B12,'المشتريات اليومية'!G:G)) | H12: =IF(F12=0,0,F12-G12)
A13: 10 | F13: =IF(B13="",0,SUMIF('المشتريات اليومية'!D:D,B13,'المشتريات اليومية'!G:G)) | H13: =IF(F13=0,0,F13-G13)
A14: 11 | F14: =IF(B14="",0,SUMIF('المشتريات اليومية'!D:D,B14,'المشتريات اليومية'!G:G)) | H14: =IF(F14=0,0,F14-G14)
A15: 12 | F15: =IF(B15="",0,SUMIF('المشتريات اليومية'!D:D,B15,'المشتريات اليومية'!G:G)) | H15: =IF(F15=0,0,F15-G15)
... A18: 15 | F18: =IF(B18="",0,SUMIF('المشتريات اليومية'!D:D,B18,'المشتريات اليومية'!G:G)) | H18: =IF(F18=0,0,F18-G18)

Sheet ملخص شهري
A1: الملخص الشهري
A3: الشهر | B3: إجمالي الإيرادات | C3: إجمالي المشتريات | D3: إجمالي المصروفات | E3: إجمالي الرواتب | F3: صافي الربح/الخسارة | G3: ملاحظات
A4: يناير | B4: =SUMPRODUCT(ISNUMBER('الإيرادات اليومية'!A4:A34)*ISNUMBER('الإيرادات اليومية'!G4:G34)*(MONTH('الإيرادات اليومية'!A4:A34)=1)*'الإيرادات اليومية'!G4:G34) | C4: =SUMPRODUCT(ISNUMBER('المشتريات اليومية'!A4:A53)*ISNUMBER('المشتريات اليومية'!G4:G53)*(MONTH('المشتريات اليومية'!A4:A53)=1)*'المشتريات اليومية'!G4:G53) | D4: =SUMPRODUCT(ISNUMBER('المصروفات'!A4:A53)*ISNUMBER('المصروفات'!D4:D53)*(MONTH('المصروفات'!A4:A53)=1)*'المصروفات'!D4:D53) | F4: =IF(B4=0,0,B4-C4-D4-E4)
A5: فبراير | B5: =SUMPRODUCT(ISNUMBER('الإيرادات اليومية'!A4:A34)*ISNUMBER('الإيرادات اليومية'!G4:G34)*(MONTH('الإيرادات اليومية'!A4:A34)=2)*'الإيرادات اليومية'!G4:G34) | C5: =SUMPRODUCT(ISNUMBER('المشتريات اليومية'!A4:A53)*ISNUMBER('المشتريات اليومية'!G4:G53)*(MONTH('المشتريات اليومية'!A4:A53)=2)*'المشتريات اليومية'!G4:G53) | D5: =SUMPRODUCT(ISNUMBER('المصروفات'!A4:A53)*ISNUMBER('المصروفات'!D4:D53)*(MONTH('المصروفات'!A4:A53)=2)*'المصروفات'!D4:D53) | F5: =IF(B5=0,0,B5-C5-D5-E5)
A6: مارس | B6: =SUMPRODUCT(ISNUMBER('الإيرادات اليومية'!A4:A34)*ISNUMBER('الإيرادات اليومية'!G4:G34)*(MONTH('الإيرادات اليومية'!A4:A34)=3)*'الإيرادات اليومية'!G4:G34) | C6: =SUMPRODUCT(ISNUMBER('المشتريات اليومية'!A4:A53)*ISNUMBER('المشتريات اليومية'!G4:G53)*(MONTH('المشتريات اليومية'!A4:A53)=3)*'المشتريات اليومية'!G4:G53) | D6: =SUMPRODUCT(ISNUMBER('المصروفات'!A4:A53)*ISNUMBER('المصروفات'!D4:D53)*(MONTH('المصروفات'!A4:A53)=3)*'المصروفات'!D4:D53) | F6: =IF(B6=0,0,B6-C6-D6-E6)
A7: أبريل | B7: =SUMPRODUCT(ISNUMBER('الإيرادات اليومية'!A4:A34)*ISNUMBER('الإيرادات اليومية'!G4:G34)*(MONTH('الإيرادات اليومية'!A4:A34)=4)*'الإيرادات اليومية'!G4:G34) | C7: =SUMPRODUCT(ISNUMBER('المشتريات اليومية'!A4:A53)*ISNUMBER('المشتريات اليومية'!G4:G53)*(MONTH('المشتريات اليومية'!A4:A53)=4)*'المشتريات اليومية'!G4:G53) | D7: =SUMPRODUCT(ISNUMBER('المصروفات'!A4:A53)*ISNUMBER('المصروفات'!D4:D53)*(MONTH('المصروفات'!A4:A53)=4)*'المصروفات'!D4:D53) | F7: =IF(B7=0,0,B7-C7-D7-E7)
A8: مايو | B8: =SUMPRODUCT(ISNUMBER('الإيرادات اليومية'!A4:A34)*ISNUMBER('الإيرادات اليومية'!G4:G34)*(MONTH('الإيرادات اليومية'!A4:A34)=5)*'الإيرادات اليومية'!G4:G34) | C8: =SUMPRODUCT(ISNUMBER('المشتريات اليومية'!A4:A53)*ISNUMBER('المشتريات اليومية'!G4:G53)*(MONTH('المشتريات اليومية'!A4:A53)=5)*'المشتريات اليومية'!G4:G53) | D8: =SUMPRODUCT(ISNUMBER('المصروفات'!A4:A53)*ISNUMBER('المصروفات'!D4:D53)*(MONTH('المصروفات'!A4:A53)=5)*'المصروفات'!D4:D53) | F8: =IF(B8=0,0,B8-C8-D8-E8)
A9: يونيو | B9: =SUMPRODUCT(ISNUMBER('الإيرادات اليومية'!A4:A34)*ISNUMBER('الإيرادات اليومية'!G4:G34)*(MONTH('الإيرادات اليومية'!A4:A34)=6)*'الإيرادات اليومية'!G4:G34) | C9: =SUMPRODUCT(ISNUMBER('المشتريات اليومية'!A4:A53)*ISNUMBER('المشتريات اليومية'!G4:G53)*(MONTH('المشتريات اليومية'!A4:A53)=6)*'المشتريات اليومية'!G4:G53) | D9: =SUMPRODUCT(ISNUMBER('المصروفات'!A4:A53)*ISNUMBER('المصروفات'!D4:D53)*(MONTH('المصروفات'!A4:A53)=6)*'المصروفات'!D4:D53) | F9: =IF(B9=0,0,B9-C9-D9-E9)
A10: يوليو | B10: =SUMPRODUCT(ISNUMBER('الإيرادات اليومية'!A4:A34)*ISNUMBER('الإيرادات اليومية'!G4:G34)*(MONTH('الإيرادات اليومية'!A4:A34)=7)*'الإيرادات اليومية'!G4:G34) | C10: =SUMPRODUCT(ISNUMBER('المشتريات اليومية'!A4:A53)*ISNUMBER('المشتريات اليومية'!G4:G53)*(MONTH('المشتريات اليومية'!A4:A53)=7)*'المشتريات اليومية'!G4:G53) | D10: =SUMPRODUCT(ISNUMBER('المصروفات'!A4:A53)*ISNUMBER('المصروفات'!D4:D53)*(MONTH('المصروفات'!A4:A53)=7)*'المصروفات'!D4:D53) | F10: =IF(B10=0,0,B10-C10-D10-E10)
A11: أغسطس | B11: =SUMPRODUCT(ISNUMBER('الإيرادات اليومية'!A4:A34)*ISNUMBER('الإيرادات اليومية'!G4:G34)*(MONTH('الإيرادات اليومية'!A4:A34)=8)*'الإيرادات اليومية'!G4:G34) | C11: =SUMPRODUCT(ISNUMBER('المشتريات اليومية'!A4:A53)*ISNUMBER('المشتريات اليومية'!G4:G53)*(MONTH('المشتريات اليومية'!A4:A53)=8)*'المشتريات اليومية'!G4:G53) | D11: =SUMPRODUCT(ISNUMBER('المصروفات'!A4:A53)*ISNUMBER('المصروفات'!D4:D53)*(MONTH('المصروفات'!A4:A53)=8)*'المصروفات'!D4:D53) | F11: =IF(B11=0,0,B11-C11-D11-E11)
A12: سبتمبر | B12: =SUMPRODUCT(ISNUMBER('الإيرادات اليومية'!A4:A34)*ISNUMBER('الإيرادات اليومية'!G4:G34)*(MONTH('الإيرادات اليومية'!A4:A34)=9)*'الإيرادات اليومية'!G4:G34) | C12: =SUMPRODUCT(ISNUMBER('المشتريات اليومية'!A4:A53)*ISNUMBER('المشتريات اليومية'!G4:G53)*(MONTH('المشتريات اليومية'!A4:A53)=9)*'المشتريات اليومية'!G4:G53) | D12: =SUMPRODUCT(ISNUMBER('المصروفات'!A4:A53)*ISNUMBER('المصروفات'!D4:D53)*(MONTH('المصروفات'!A4:A53)=9)*'المصروفات'!D4:D53) | F12: =IF(B12=0,0,B12-C12-D12-E12)
A13: أكتوبر | B13: =SUMPRODUCT(ISNUMBER('الإيرادات اليومية'!A4:A34)*ISNUMBER('الإيرادات اليومية'!G4:G34)*(MONTH('الإيرادات اليومية'!A4:A34)=10)*'الإيرادات اليومية'!G4:G34) | C13: =SUMPRODUCT(ISNUMBER('المشتريات اليومية'!A4:A53)*ISNUMBER('المشتريات اليومية'!G4:G53)*(MONTH('المشتريات اليومية'!A4:A53)=10)*'المشتريات اليومية'!G4:G53) | D13: =SUMPRODUCT(ISNUMBER('المصروفات'!A4:A53)*ISNUMBER('المصروفات'!D4:D53)*(MONTH('المصروفات'!A4:A53)=10)*'المصروفات'!D4:D53) | F13: =IF(B13=0,0,B13-C13-D13-E13)
A14: نوفمبر | B14: =SUMPRODUCT(ISNUMBER('الإيرادات اليومية'!A4:A34)*ISNUMBER('الإيرادات اليومية'!G4:G34)*(MONTH('الإيرادات اليومية'!A4:A34)=11)*'الإيرادات اليومية'!G4:G34) | C14: =SUMPRODUCT(ISNUMBER('المشتريات اليومية'!A4:A53)*ISNUMBER('المشتريات اليومية'!G4:G53)*(MONTH('المشتريات اليومية'!A4:A53)=11)*'المشتريات اليومية'!G4:G53) | D14: =SUMPRODUCT(ISNUMBER('المصروفات'!A4:A53)*ISNUMBER('المصروفات'!D4:D53)*(MONTH('المصروفات'!A4:A53)=11)*'المصروفات'!D4:D53) | F14: =IF(B14=0,0,B14-C14-D14-E14)
A15: ديسمبر | B15: =SUMPRODUCT(ISNUMBER('الإيرادات اليومية'!A4:A34)*ISNUMBER('الإيرادات اليومية'!G4:G34)*(MONTH('الإيرادات اليومية'!A4:A34)=12)*'الإيرادات اليومية'!G4:G34) | C15: =SUMPRODUCT(ISNUMBER('المشتريات اليومية'!A4:A53)*ISNUMBER('المشتريات اليومية'!G4:G53)*(MONTH('المشتريات اليومية'!A4:A53)=12)*'المشتريات اليومية'!G4:G53) | D15: =SUMPRODUCT(ISNUMBER('المصروفات'!A4:A53)*ISNUMBER('المصروفات'!D4:D53)*(MONTH('المصروفات'!A4:A53)=12)*'المصروفات'!D4:D53) | F15: =IF(B15=0,0,B15-C15-D15-E15)

Sheet قائمة الدخل
A1: قائمة الدخل
A2: لشهر: | B2: June 2026
A4: الإيرادات
A5: كاش | B5: =SUM('الإيرادات اليومية'!C4:C34)
A6: فيزا | B6: =SUM('الإيرادات اليومية'!D4:D34)
A7: تطبيقات التوصيل | B7: =SUM('الإيرادات اليومية'!E4:E34)
A8: إيرادات أخرى | B8: =SUM('الإيرادات اليومية'!F4:F34)
A9: إجمالي الإيرادات | B9: =SUM(B5:B8)
A11: تكلفة المشتريات
A12: إجمالي المشتريات | B12: =SUM('المشتريات اليومية'!G4:G53)
A14: إجمالي تكلفة المشتريات | B14: =B12
A16: إجمالي الربح | B16: =B9-B14
A18: المصروفات التشغيلية
A19: إيجار | B19: =SUMIF('المصروفات'!C:C,A19,'المصروفات'!D:D)
A20: كهرباء | B20: =SUMIF('المصروفات'!C:C,A20,'المصروفات'!D:D)
A21: مياه | B21: =SUMIF('المصروفات'!C:C,A21,'المصروفات'!D:D)
A22: غاز | B22: =SUMIF('المصروفات'!C:C,A22,'المصروفات'!D:D)
A23: صيانة | B23: =SUMIF('المصروفات'!C:C,A23,'المصروفات'!D:D)
A24: نظافة | B24: =SUMIF('المصروفات'!C:C,A24,'المصروفات'!D:D)
A25: دعاية وإعلان | B25: =SUMIF('المصروفات'!C:C,A25,'المصروفات'!D:D)
A26: تراخيص | B26: =SUMIF('المصروفات'!C:C,A26,'المصروفات'!D:D)
A27: تأمينات | B27: =SUMIF('المصروفات'!C:C,A27,'المصروفات'!D:D)
A28: رواتب | B28: =SUMIF('المصروفات'!C:C,A28,'المصروفات'!D:D)
A29: أخرى | B29: =SUMIF('المصروفات'!C:C,A29,'المصروفات'!D:D)
A30: إجمالي المصروفات | B30: =SUM(B19:B29)
A32: صافي الربح / الخسارة | B32: =B16-B30
